{"cameraMode":{"drawMode":0,"name":"Shaded","section":"Shading Mode"},"sceneLighting":true,"audioPlay":false,"sceneViewState":{"showFog":true,"showMaterialUpdate":true,"showSkybox":true,"showFlares":true,"showImageEffects":true,"showParticleSystems":true},"in2DMode":false,"pivot":{"x":0.004162002354860306,"y":1.3973133563995362,"z":2.572502613067627},"rotation":{"x":0.11937934160232544,"y":0.004109103232622147,"z":0.0004910579300485551,"w":-0.9928401112556458},"size":3.489907741546631,"orthographic":false}