{"cameraMode":{"drawMode":0,"name":"Shaded","section":"Shading Mode"},"sceneLighting":true,"audioPlay":false,"sceneViewState":{"showFog":true,"showMaterialUpdate":true,"showSkybox":true,"showFlares":true,"showImageEffects":true,"showParticleSystems":true},"in2DMode":false,"pivot":{"x":-0.073977030813694,"y":4.214474201202393,"z":-15.439274787902832},"rotation":{"x":0.15122497081756593,"y":0.02381502091884613,"z":-0.0036372842732816936,"w":0.9882057905197144},"size":3.489907741546631,"orthographic":false}