{"cameraMode":{"drawMode":0,"name":"Shaded","section":"Shading Mode"},"sceneLighting":true,"audioPlay":false,"sceneViewState":{"showFog":true,"showMaterialUpdate":true,"showSkybox":true,"showFlares":true,"showImageEffects":true,"showParticleSystems":true},"in2DMode":false,"pivot":{"x":0.5575222969055176,"y":0.4678279161453247,"z":3.3360471725463869},"rotation":{"x":-0.010113133117556572,"y":0.08398733288049698,"z":0.0008586121257394552,"w":0.9964151382446289},"size":3.489907741546631,"orthographic":false}