{"cameraMode":{"drawMode":0,"name":"Shaded","section":"Shading Mode"},"sceneLighting":true,"audioPlay":false,"sceneViewState":{"showFog":true,"showMaterialUpdate":true,"showSkybox":true,"showFlares":true,"showImageEffects":true,"showParticleSystems":true},"in2DMode":false,"pivot":{"x":-2.4745874404907228,"y":1.741814136505127,"z":1.3505160808563233},"rotation":{"x":0.1574016511440277,"y":0.5478531718254089,"z":-0.105832539498806,"w":0.8147889971733093},"size":5.082854270935059,"orthographic":false}