{"cameraMode":{"drawMode":0,"name":"Shaded","section":"Shading Mode"},"sceneLighting":true,"audioPlay":false,"sceneViewState":{"showFog":true,"showMaterialUpdate":true,"showSkybox":true,"showFlares":true,"showImageEffects":true,"showParticleSystems":true},"in2DMode":false,"pivot":{"x":1.1583707332611085,"y":4.703382968902588,"z":-1.524475336074829},"rotation":{"x":0.5461294054985046,"y":-0.22908928990364076,"z":0.15836571156978608,"w":0.7900514006614685},"size":3.489907741546631,"orthographic":false}