{"cameraMode":{"drawMode":0,"name":"Shaded","section":"Shading Mode"},"sceneLighting":true,"audioPlay":false,"sceneViewState":{"showFog":true,"showMaterialUpdate":true,"showSkybox":true,"showFlares":true,"showImageEffects":true,"showParticleSystems":true},"in2DMode":false,"pivot":{"x":-19.818662643432618,"y":-6.9019365310668949,"z":25.135473251342775},"rotation":{"x":-0.09696735441684723,"y":-0.633306622505188,"z":0.08042372763156891,"w":-0.763578474521637},"size":10.0,"orthographic":false}