{"cameraMode":{"drawMode":0,"name":"Shaded","section":"Shading Mode"},"sceneLighting":true,"audioPlay":false,"sceneViewState":{"showFog":true,"showMaterialUpdate":true,"showSkybox":true,"showFlares":true,"showImageEffects":true,"showParticleSystems":true},"in2DMode":false,"pivot":{"x":231.4705047607422,"y":-85.7518081665039,"z":64.85261535644531},"rotation":{"x":-0.11516856402158737,"y":-0.6790586113929749,"z":0.1091136708855629,"w":-0.7167355418205261},"size":400.1037292480469,"orthographic":false}