{"cameraMode":{"drawMode":0,"name":"Shaded","section":"Shading Mode"},"sceneLighting":true,"audioPlay":false,"sceneViewState":{"showFog":true,"showMaterialUpdate":true,"showSkybox":true,"showFlares":true,"showImageEffects":true,"showParticleSystems":true},"in2DMode":false,"pivot":{"x":-69.71817779541016,"y":-16.939157485961915,"z":37.34486389160156},"rotation":{"x":0.020724480971693994,"y":0.6524180173873901,"z":-0.0178435817360878,"w":0.7573657631874085},"size":3.489907741546631,"orthographic":false}