{"cameraMode":{"drawMode":0,"name":"Shaded","section":"Shading Mode"},"sceneLighting":true,"audioPlay":false,"sceneViewState":{"showFog":true,"showMaterialUpdate":true,"showSkybox":true,"showFlares":true,"showImageEffects":true,"showParticleSystems":true},"in2DMode":false,"pivot":{"x":-0.1210808977484703,"y":3.3964555263519289,"z":-1.8492482900619507},"rotation":{"x":-0.014050684869289399,"y":-0.8703489899635315,"z":-0.4916065037250519,"w":0.0248666163533926},"size":3.489907741546631,"orthographic":false}