{"cameraMode":{"drawMode":0,"name":"Shaded","section":"Shading Mode"},"sceneLighting":true,"audioPlay":false,"sceneViewState":{"showFog":true,"showMaterialUpdate":true,"showSkybox":true,"showFlares":true,"showImageEffects":true,"showParticleSystems":true},"in2DMode":false,"pivot":{"x":79.3626480102539,"y":58.23237609863281,"z":281.1882019042969},"rotation":{"x":0.03695458918809891,"y":-0.10713236033916474,"z":-0.003985329531133175,"w":-0.9935498237609863},"size":400.1037292480469,"orthographic":false}