{"cameraMode":{"drawMode":0,"name":"Shaded","section":"Shading Mode"},"sceneLighting":true,"audioPlay":false,"sceneViewState":{"showFog":true,"showMaterialUpdate":true,"showSkybox":true,"showFlares":true,"showImageEffects":true,"showParticleSystems":true},"in2DMode":false,"pivot":{"x":-2.0144758224487306,"y":-0.11901453137397766,"z":2.4015278816223146},"rotation":{"x":0.08500348031520844,"y":-0.285689115524292,"z":0.025457005947828294,"w":0.9542055130004883},"size":3.489907741546631,"orthographic":false}